{
  "1": [
    0.00010590030741746472,
    0.9998940996925826
  ],
  "0p": [
    1.4992503748125937e-05,
    0.9999850074962519
  ],
  "1pb": [
    0.9290971375505999,
    0.07090286244940018
  ],
  "0b": [
    0.9999850074962519,
    1.4992503748125937e-05
  ],
  "0": [
    0.6561021455938572,
    0.3438978544061428
  ],
  "2p": [
    0.9999849587870766,
    1.5041212923410144e-05
  ],
  "0pb": [
    1.1464623589161828e-05,
    0.9999885353764109
  ],
  "2b": [
    1.5041212923410144e-05,
    0.9999849587870766
  ],
  "2": [
    1.493919746631211e-05,
    0.9999850608025337
  ],
  "1p": [
    0.9999426285121329,
    5.737148786717753e-05
  ],
  "2pb": [
    0.5,
    0.5
  ],
  "1b": [
    0.6684694776034351,
    0.3315305223965649
  ]
}