{
  "1": [
    1.0880853899397877e-05,
    0.9999891191461006
  ],
  "2p": [
    0.9999984994538011,
    1.5005461988163692e-06
  ],
  "1pb": [
    0.07758620689655173,
    0.9224137931034483
  ],
  "2b": [
    1.5005461988163692e-06,
    0.9999984994538011
  ],
  "0": [
    0.6693727827485247,
    0.3306272172514753
  ],
  "1p": [
    0.9999984984669348,
    1.5015330652596301e-06
  ],
  "0pb": [
    1.1185369554118584e-06,
    0.9999988814630446
  ],
  "1b": [
    0.6658531284824655,
    0.3341468715175345
  ],
  "2": [
    1.501763069843997e-06,
    0.9999984982369302
  ],
  "0p": [
    1.4979253733578993e-06,
    0.9999985020746266
  ],
  "2pb": [
    0.5,
    0.5
  ],
  "0b": [
    0.9999985020746266,
    1.4979253733578993e-06
  ]
}